{
    "type": "FeatureCollection",
    "features": [
      {
        "type": "Feature",
        "properties": {},
        "geometry": {
          "coordinates": [
            139.63444161090968,
            35.66330984078198
          ],
          "type": "Point"
        },
        "id": 0
      },
      {
        "type": "Feature",
        "properties": {},
        "geometry": {
          "coordinates": [
            [
              139.63444274649328,
              35.663312399577194
            ],
            [
              139.6345653157842,
              35.66328909308254
            ],
            [
              139.6350868872417,
              35.66326790535412
            ],
            [
              139.63549632083692,
              35.663348418691854
            ],
            [
              139.63565018441636,
              35.663189510710254
            ]
          ],
          "type": "LineString"
        }
      },
      {
        "type": "Feature",
        "properties": {},
        "geometry": {
          "coordinates": [
            139.63565091032012,
            35.6631893338065
          ],
          "type": "Point"
        },
        "id": 2
      },
      {
        "type": "Feature",
        "properties": {},
        "geometry": {
          "coordinates": [
            [
              139.63564837996364,
              35.66318920003171
            ],
            [
              139.63549329843158,
              35.66303690172701
            ],
            [
              139.63546102169522,
              35.6627208131776
            ],
            [
              139.63523469717938,
              35.66256259338786
            ],
            [
              139.6352215346643,
              35.66252151928009
            ]
          ],
          "type": "LineString"
        }
      },
      {
        "type": "Feature",
        "properties": {},
        "geometry": {
          "coordinates": [
            139.6352215346643,
            35.66252151928009
          ],
          "type": "Point"
        }
      },
      {
        "type": "Feature",
        "properties": {},
        "geometry": {
          "coordinates": [
            [
              139.63522257527495,
              35.66252047493229
            ],
            [
              139.63517653760198,
              35.662350004833655
            ]
          ],
          "type": "LineString"
        }
      },
      {
        "type": "Feature",
        "properties": {},
        "geometry": {
          "coordinates": [
            139.63517653760198,
            35.662350004833655
          ],
          "type": "Point"
        },
        "id": 6
      },
      {
        "type": "Feature",
        "properties": {},
        "geometry": {
          "coordinates": [
            [
              139.63517650004667,
              35.66234981339156
            ],
            [
              139.6351461446771,
              35.66205025962401
            ]
          ],
          "type": "LineString"
        }
      },
      {
        "type": "Feature",
        "properties": {},
        "geometry": {
          "coordinates": [
            139.63514740911592,
            35.66205087828749
          ],
          "type": "Point"
        },
        "id": 8
      },
      {
        "type": "Feature",
        "properties": {},
        "geometry": {
          "coordinates": [
            [
              139.63514816069454,
              35.66204986452726
            ],
            [
              139.6351768925793,
              35.66224891130068
            ],
            [
              139.63496459181226,
              35.66226942718545
            ],
            [
              139.63494856066575,
              35.662169511703354
            ],
            [
              139.6349883637708,
              35.66216442516382
            ]
          ],
          "type": "LineString"
        }
      },
      {
        "type": "Feature",
        "properties": {},
        "geometry": {
          "coordinates": [
            139.63498784004372,
            35.66216526635823
          ],
          "type": "Point"
        },
        "id": 10
      },
      {
        "type": "Feature",
        "properties": {},
        "geometry": {
          "coordinates": [
            [
              139.63498848846024,
              35.662165520192644
            ],
            [
              139.63490890344042,
              35.66217386406514
            ],
            [
              139.6348742793424,
              35.66196929323611
            ],
            [
              139.63473066845995,
              35.661987832342376
            ]
          ],
          "type": "LineString"
        }
      },
      {
        "type": "Feature",
        "properties": {},
        "geometry": {
          "coordinates": [
            139.63473269215592,
            35.66198823414638
          ],
          "type": "Point"
        }
      }
    ]
  }