{
    "type": "FeatureCollection",
    "features": [
      {
        "type": "Feature",
        "properties": {},
        "geometry": {
          "coordinates": [
            139.63444161090968,
            35.66330984078198
          ],
          "type": "Point"
        },
        "id": 0
      },
      {
        "type": "Feature",
        "properties": {},
        "geometry": {
          "coordinates": [
            [
              139.63444274649328,
              35.663312399577194
            ],
            [
              139.6345653157842,
              35.66328909308254
            ],
            [
              139.6350868872417,
              35.66326790535412
            ],
            [
              139.63549632083692,
              35.663348418691854
            ],
            [
              139.63565018441636,
              35.663189510710254
            ]
          ],
          "type": "LineString"
        }
      },
      {
        "type": "Feature",
        "properties": {},
        "geometry": {
          "coordinates": [
            139.63565091032012,
            35.6631893338065
          ],
          "type": "Point"
        },
        "id": 2
      },
      {
        "type": "Feature",
        "properties": {},
        "geometry": {
          "coordinates": [
            [
              139.63564837996364,
              35.66318920003171
            ],
            [
              139.63549329843158,
              35.66303690172701
            ],
            [
              139.63546102169522,
              35.6627208131776
            ],
            [
              139.63523469717938,
              35.66256259338786
            ],
            [
              139.6352215346643,
              35.66252151928009
            ]
          ],
          "type": "LineString"
        }
      },
      {
        "type": "Feature",
        "properties": {},
        "geometry": {
          "coordinates": [
            139.6352215346643,
            35.66252151928009
          ],
          "type": "Point"
        },
        "id": 4
      },
      {
        "type": "Feature",
        "properties": {},
        "geometry": {
          "coordinates": [
            [
              139.63522153011718,
              35.66252054699862
            ],
            [
              139.63515681991498,
              35.66204625397084
            ]
          ],
          "type": "LineString"
        }
      },
      {
        "type": "Feature",
        "properties": {},
        "geometry": {
          "coordinates": [
            139.63515681991498,
            35.662047372590195
          ],
          "type": "Point"
        },
        "id": 6
      },
      {
        "type": "Feature",
        "properties": {},
        "geometry": {
          "coordinates": [
            [
              139.6351570807903,
              35.662047310875806
            ],
            [
              139.6351599429226,
              35.66225136406979
            ],
            [
              139.6349030666375,
              35.662257177543594
            ],
            [
              139.63487587638986,
              35.66197464223377
            ],
            [
              139.6346690874032,
              35.66198336247423
            ]
          ],
          "type": "LineString"
        }
      },
      {
        "type": "Feature",
        "properties": {},
        "geometry": {
          "coordinates": [
            139.6346690874032,
            35.66198394382377
          ],
          "type": "Point"
        },
        "id": 8
      },
      {
        "type": "Feature",
        "properties": {},
        "geometry": {
          "coordinates": [
            [
              139.63466977098994,
              35.66198339566705
            ],
            [
              139.63426159550812,
              35.662025877254905
            ],
            [
              139.6342194286192,
              35.66170932035929
            ],
            [
              139.63410136133126,
              35.66167643125945
            ],
            [
              139.63341319770865,
              35.66173124641884
            ],
            [
              139.63341488438476,
              35.661666838602244
            ],
            [
              139.63338452422335,
              35.661609282638025
            ],
            [
              139.63334067066006,
              35.66130779833517
            ],
            [
              139.63322935007312,
              35.66130642794968
            ],
            [
              139.63322766339883,
              35.66128861293184
            ],
            [
              139.63330693714818,
              35.66128861293184
            ],
            [
              139.63330356379777,
              35.661240649403766
            ],
            [
              139.63319224321265,
              35.661233797468626
            ]
          ],
          "type": "LineString"
        }
      },
      {
        "type": "Feature",
        "properties": {},
        "geometry": {
          "coordinates": [
            139.63319322476866,
            35.66123543867934
          ],
          "type": "Point"
        },
        "id": 10
      },
      {
        "type": "Feature",
        "properties": {},
        "geometry": {
          "coordinates": [
            [
              139.63319322478458,
              35.66123446276464
            ],
            [
              139.63320043172837,
              35.661146630449196
            ]
          ],
          "type": "LineString"
        }
      },
      {
        "type": "Feature",
        "properties": {},
        "geometry": {
          "coordinates": [
            139.63320043172837,
            35.661146630449196
          ],
          "type": "Point"
        }
      }
    ]
  }